{
  "images" : [
    {
      "filename" : "imgonline-com-ua-Resize-OvsMrPQY2dRECE.jpg",
      "idiom" : "iphone",
      "scale" : "2x",
      "size" : "20x20"
    },
    {
      "filename" : "imgonline-com-ua-Resize-1LKGypuzgRZ.jpg",
      "idiom" : "iphone",
      "scale" : "3x",
      "size" : "20x20"
    },
    {
      "filename" : "imgonline-com-ua-Resize-H6vdkOirF1N.jpg",
      "idiom" : "iphone",
      "scale" : "2x",
      "size" : "29x29"
    },
    {
      "filename" : "imgonline-com-ua-Resize-VuucodKJucLIDO1.jpg",
      "idiom" : "iphone",
      "scale" : "3x",
      "size" : "29x29"
    },
    {
      "filename" : "imgonline-com-ua-Resize-sTCfp9Cbjql.jpg",
      "idiom" : "iphone",
      "scale" : "2x",
      "size" : "40x40"
    },
    {
      "filename" : "imgonline-com-ua-Resize-N3s3UGj3D4Mb.jpg",
      "idiom" : "iphone",
      "scale" : "3x",
      "size" : "40x40"
    },
    {
      "filename" : "imgonline-com-ua-Resize-N3s3UGj3D4Mb-1.jpg",
      "idiom" : "iphone",
      "scale" : "2x",
      "size" : "60x60"
    },
    {
      "filename" : "imgonline-com-ua-Resize-459DNPyg9vxNty.jpg",
      "idiom" : "iphone",
      "scale" : "3x",
      "size" : "60x60"
    },
    {
      "filename" : "imgonline-com-ua-Resize-KlSRXI4yhz.jpg",
      "idiom" : "ipad",
      "scale" : "1x",
      "size" : "20x20"
    },
    {
      "filename" : "imgonline-com-ua-Resize-OvsMrPQY2dRECE-2.jpg",
      "idiom" : "ipad",
      "scale" : "2x",
      "size" : "20x20"
    },
    {
      "filename" : "imgonline-com-ua-Resize-5Imc87YysJf.jpg",
      "idiom" : "ipad",
      "scale" : "1x",
      "size" : "29x29"
    },
    {
      "filename" : "imgonline-com-ua-Resize-dtlN4o7P85xS.jpg",
      "idiom" : "ipad",
      "scale" : "2x",
      "size" : "29x29"
    },
    {
      "filename" : "imgonline-com-ua-Resize-OvsMrPQY2dRECE-3.jpg",
      "idiom" : "ipad",
      "scale" : "1x",
      "size" : "40x40"
    },
    {
      "filename" : "imgonline-com-ua-Resize-sTCfp9Cbjql-1.jpg",
      "idiom" : "ipad",
      "scale" : "2x",
      "size" : "40x40"
    },
    {
      "filename" : "imgonline-com-ua-Resize-7eFzpJ2HbLW2D5.jpg",
      "idiom" : "ipad",
      "scale" : "1x",
      "size" : "76x76"
    },
    {
      "filename" : "imgonline-com-ua-Resize-Q0Xg5oy6vWq.jpg",
      "idiom" : "ipad",
      "scale" : "2x",
      "size" : "76x76"
    },
    {
      "filename" : "imgonline-com-ua-Resize-mWBXy25DCY3SRqL.jpg",
      "idiom" : "ipad",
      "scale" : "2x",
      "size" : "83.5x83.5"
    },
    {
      "filename" : "imgonline-com-ua-Resize-qkyyag6WRET.jpg",
      "idiom" : "ios-marketing",
      "scale" : "1x",
      "size" : "1024x1024"
    }
  ],
  "info" : {
    "author" : "xcode",
    "version" : 1
  }
}
